date,transaction
9/9/2021,102
9/9/2020,101
9/9/2019,107
9/9/2018,98
9/9/2017,94
9/9/2016,107
9/9/2015,94
9/9/2014,110
9/9/2013,114
9/9/2012,122
9/9/2011,103
9/9/2010,98
9/8/2021,117
9/8/2020,93
9/8/2019,101
9/8/2018,104
9/8/2017,107
9/8/2016,105
9/8/2015,116
9/8/2014,99
9/8/2013,118
9/8/2012,110
9/8/2011,121
9/8/2010,123
9/7/2021,106
9/7/2020,113
9/7/2019,93
9/7/2018,115
9/7/2017,110
9/7/2016,126
9/7/2015,118
9/7/2014,100
9/7/2013,119
9/7/2012,105
9/7/2011,115
9/7/2010,111
9/6/2021,112
9/6/2020,102
9/6/2019,96
9/6/2018,106
9/6/2017,99
9/6/2016,101
9/6/2015,120
9/6/2014,104
9/6/2013,111
9/6/2012,124
9/6/2011,119
9/6/2010,98
9/5/2021,107
9/5/2020,102
9/5/2019,105
9/5/2018,126
9/5/2017,95
9/5/2016,120
9/5/2015,94
9/5/2014,92
9/5/2013,101
9/5/2012,97
9/5/2011,97
9/5/2010,95
9/4/2021,113
9/4/2020,109
9/4/2019,120
9/4/2018,107
9/4/2017,96
9/4/2016,122
9/4/2015,118
9/4/2014,97
9/4/2013,99
9/4/2012,96
9/4/2011,96
9/4/2010,108
9/30/2021,109
9/30/2020,107
9/30/2019,117
9/30/2018,95
9/30/2017,117
9/30/2016,113
9/30/2015,98
9/30/2014,109
9/30/2013,105
9/30/2012,128
9/30/2011,98
9/30/2010,100
9/3/2021,109
9/3/2020,134
9/3/2019,87
9/3/2018,115
9/3/2017,116
9/3/2016,113
9/3/2015,108
9/3/2014,117
9/3/2013,131
9/3/2012,126
9/3/2011,108
9/3/2010,110
9/29/2021,109
9/29/2020,117
9/29/2019,109
9/29/2018,105
9/29/2017,100
9/29/2016,110
9/29/2015,101
9/29/2014,117
9/29/2013,101
9/29/2012,121
9/29/2011,97
9/29/2010,112
9/28/2021,114
9/28/2020,107
9/28/2019,141
9/28/2018,103
9/28/2017,117
9/28/2016,92
9/28/2015,131
9/28/2014,92
9/28/2013,122
9/28/2012,102
9/28/2011,108
9/28/2010,113
9/27/2021,130
9/27/2020,110
9/27/2019,101
9/27/2018,109
9/27/2017,103
9/27/2016,116
9/27/2015,100
9/27/2014,86
9/27/2013,116
9/27/2012,105
9/27/2011,109
9/27/2010,121
9/26/2021,107
9/26/2020,99
9/26/2019,94
9/26/2018,113
9/26/2017,103
9/26/2016,112
9/26/2015,90
9/26/2014,108
9/26/2013,114
9/26/2012,105
9/26/2011,128
9/26/2010,121
9/25/2021,110
9/25/2020,118
9/25/2019,114
9/25/2018,105
9/25/2017,104
9/25/2016,117
9/25/2015,108
9/25/2014,107
9/25/2013,87
9/25/2012,114
9/25/2011,115
9/25/2010,104
9/24/2021,101
9/24/2020,115
9/24/2019,107
9/24/2018,109
9/24/2017,116
9/24/2016,111
9/24/2015,92
9/24/2014,114
9/24/2013,103
9/24/2012,98
9/24/2011,117
9/24/2010,109
9/23/2021,119
9/23/2020,100
9/23/2019,99
9/23/2018,112
9/23/2017,108
9/23/2016,114
9/23/2015,113
9/23/2014,132
9/23/2013,117
9/23/2012,111
9/23/2011,115
9/23/2010,110
9/22/2021,103
9/22/2020,103
9/22/2019,131
9/22/2018,108
9/22/2017,118
9/22/2016,122
9/22/2015,122
9/22/2014,112
9/22/2013,111
9/22/2012,120
9/22/2011,104
9/22/2010,97
9/21/2021,97
9/21/2020,110
9/21/2019,115
9/21/2018,103
9/21/2017,102
9/21/2016,120
9/21/2015,115
9/21/2014,102
9/21/2013,120
9/21/2012,105
9/21/2011,119
9/21/2010,107
9/20/2021,136
9/20/2020,98
9/20/2019,115
9/20/2018,103
9/20/2017,107
9/20/2016,110
9/20/2015,110
9/20/2014,106
9/20/2013,108
9/20/2012,128
9/20/2011,115
9/20/2010,94
9/2/2021,113
9/2/2020,129
9/2/2019,102
9/2/2018,95
9/2/2017,101
9/2/2016,97
9/2/2015,110
9/2/2014,112
9/2/2013,97
9/2/2012,134
9/2/2011,103
9/2/2010,99
9/19/2021,105
9/19/2020,123
9/19/2019,127
9/19/2018,102
9/19/2017,128
9/19/2016,121
9/19/2015,101
9/19/2014,95
9/19/2013,102
9/19/2012,107
9/19/2011,106
9/19/2010,115
9/18/2021,127
9/18/2020,107
9/18/2019,120
9/18/2018,92
9/18/2017,96
9/18/2016,114
9/18/2015,109
9/18/2014,107
9/18/2013,117
9/18/2012,103
9/18/2011,119
9/18/2010,108
9/17/2021,94
9/17/2020,123
9/17/2019,120
9/17/2018,113
9/17/2017,91
9/17/2016,119
9/17/2015,113
9/17/2014,129
9/17/2013,110
9/17/2012,116
9/17/2011,85
9/17/2010,115
9/16/2021,91
9/16/2020,87
9/16/2019,97
9/16/2018,110
9/16/2017,82
9/16/2016,107
9/16/2015,106
9/16/2014,89
9/16/2013,115
9/16/2012,119
9/16/2011,115
9/16/2010,99
9/15/2021,97
9/15/2020,93
9/15/2019,115
9/15/2018,114
9/15/2017,115
9/15/2016,106
9/15/2015,100
9/15/2014,102
9/15/2013,92
9/15/2012,113
9/15/2011,101
9/15/2010,99
9/14/2021,97
9/14/2020,106
9/14/2019,104
9/14/2018,109
9/14/2017,110
9/14/2016,118
9/14/2015,123
9/14/2014,117
9/14/2013,107
9/14/2012,100
9/14/2011,98
9/14/2010,102
9/13/2021,101
9/13/2020,100
9/13/2019,102
9/13/2018,103
9/13/2017,109
9/13/2016,97
9/13/2015,107
9/13/2014,94
9/13/2013,100
9/13/2012,125
9/13/2011,113
9/13/2010,118
9/12/2021,125
9/12/2020,96
9/12/2019,109
9/12/2018,125
9/12/2017,126
9/12/2016,101
9/12/2015,108
9/12/2014,97
9/12/2013,102
9/12/2012,105
9/12/2011,99
9/12/2010,106
9/11/2021,122
9/11/2020,92
9/11/2019,112
9/11/2018,112
9/11/2017,112
9/11/2016,101
9/11/2015,133
9/11/2014,98
9/11/2013,114
9/11/2012,114
9/11/2011,103
9/11/2010,110
9/10/2021,96
9/10/2020,105
9/10/2019,116
9/10/2018,101
9/10/2017,110
9/10/2016,103
9/10/2015,120
9/10/2014,99
9/10/2013,102
9/10/2012,117
9/10/2011,108
9/10/2010,103
9/1/2021,103
9/1/2020,106
9/1/2019,91
9/1/2018,105
9/1/2017,95
9/1/2016,96
9/1/2015,109
9/1/2014,104
9/1/2013,91
9/1/2012,119
9/1/2011,112
9/1/2010,107
8/9/2021,88
8/9/2020,106
8/9/2019,110
8/9/2018,105
8/9/2017,113
8/9/2016,97
8/9/2015,108
8/9/2014,103
8/9/2013,122
8/9/2012,101
8/9/2011,100
8/9/2010,120
8/8/2021,110
8/8/2020,95
8/8/2019,111
8/8/2018,127
8/8/2017,102
8/8/2016,119
8/8/2015,116
8/8/2014,104
8/8/2013,96
8/8/2012,94
8/8/2011,126
8/8/2010,110
8/7/2021,85
8/7/2020,133
8/7/2019,98
8/7/2018,130
8/7/2017,115
8/7/2016,106
8/7/2015,111
8/7/2014,115
8/7/2013,98
8/7/2012,114
8/7/2011,97
8/7/2010,103
8/6/2021,115
8/6/2020,119
8/6/2019,115
8/6/2018,119
8/6/2017,120
8/6/2016,94
8/6/2015,109
8/6/2014,111
8/6/2013,123
8/6/2012,111
8/6/2011,117
8/6/2010,91
8/5/2021,107
8/5/2020,96
8/5/2019,117
8/5/2018,112
8/5/2017,136
8/5/2016,119
8/5/2015,107
8/5/2014,113
8/5/2013,115
8/5/2012,105
8/5/2011,124
8/5/2010,111
8/4/2021,122
8/4/2020,90
8/4/2019,124
8/4/2018,94
8/4/2017,89
8/4/2016,104
8/4/2015,100
8/4/2014,104
8/4/2013,134
8/4/2012,102
8/4/2011,118
8/4/2010,122
8/31/2021,125
8/31/2020,121
8/31/2019,113
8/31/2018,102
8/31/2017,132
8/31/2016,109
8/31/2015,93
8/31/2014,97
8/31/2013,114
8/31/2012,108
8/31/2011,117
8/31/2010,109
8/30/2021,89
8/30/2020,95
8/30/2019,127
8/30/2018,108
8/30/2017,114
8/30/2016,116
8/30/2015,117
8/30/2014,114
8/30/2013,124
8/30/2012,113
8/30/2011,107
8/30/2010,97
8/3/2021,109
8/3/2020,103
8/3/2019,102
8/3/2018,116
8/3/2017,121
8/3/2016,107
8/3/2015,94
8/3/2014,122
8/3/2013,102
8/3/2012,111
8/3/2011,126
8/3/2010,104
8/29/2021,104
8/29/2020,91
8/29/2019,112
8/29/2018,103
8/29/2017,125
8/29/2016,123
8/29/2015,108
8/29/2014,104
8/29/2013,108
8/29/2012,117
8/29/2011,106
8/29/2010,120
8/28/2021,98
8/28/2020,122
8/28/2019,113
8/28/2018,110
8/28/2017,120
8/28/2016,99
8/28/2015,104
8/28/2014,94
8/28/2013,110
8/28/2012,105
8/28/2011,103
8/28/2010,110
8/27/2021,107
8/27/2020,118
8/27/2019,102
8/27/2018,114
8/27/2017,116
8/27/2016,101
8/27/2015,110
8/27/2014,118
8/27/2013,124
8/27/2012,114
8/27/2011,108
8/27/2010,111
8/26/2021,94
8/26/2020,123
8/26/2019,94
8/26/2018,114
8/26/2017,105
8/26/2016,88
8/26/2015,120
8/26/2014,104
8/26/2013,115
8/26/2012,120
8/26/2011,124
8/26/2010,135
8/25/2021,101
8/25/2020,108
8/25/2019,87
8/25/2018,106
8/25/2017,89
8/25/2016,105
8/25/2015,126
8/25/2014,122
8/25/2013,96
8/25/2012,108
8/25/2011,100
8/25/2010,107
8/24/2021,107
8/24/2020,101
8/24/2019,117
8/24/2018,106
8/24/2017,94
8/24/2016,90
8/24/2015,105
8/24/2014,108
8/24/2013,89
8/24/2012,86
8/24/2011,109
8/24/2010,100
8/23/2021,104
8/23/2020,98
8/23/2019,105
8/23/2018,110
8/23/2017,108
8/23/2016,120
8/23/2015,125
8/23/2014,99
8/23/2013,130
8/23/2012,103
8/23/2011,119
8/23/2010,121
8/22/2021,109
8/22/2020,106
8/22/2019,99
8/22/2018,106
8/22/2017,135
8/22/2016,113
8/22/2015,113
8/22/2014,119
8/22/2013,108
8/22/2012,107
8/22/2011,120
8/22/2010,141
8/21/2021,99
8/21/2020,97
8/21/2019,99
8/21/2018,93
8/21/2017,139
8/21/2016,114
8/21/2015,104
8/21/2014,104
8/21/2013,114
8/21/2012,105
8/21/2011,119
8/21/2010,106
8/20/2021,109
8/20/2020,96
8/20/2019,112
8/20/2018,112
8/20/2017,118
8/20/2016,114
8/20/2015,120
8/20/2014,91
8/20/2013,107
8/20/2012,106
8/20/2011,110
8/20/2010,100
8/2/2021,96
8/2/2020,117
8/2/2019,114
8/2/2018,114
8/2/2017,98
8/2/2016,107
8/2/2015,97
8/2/2014,107
8/2/2013,98
8/2/2012,103
8/2/2011,121
8/2/2010,115
8/19/2021,120
8/19/2020,112
8/19/2019,93
8/19/2018,106
8/19/2017,115
8/19/2016,98
8/19/2015,97
8/19/2014,126
8/19/2013,110
8/19/2012,112
8/19/2011,86
8/19/2010,105
8/18/2021,114
8/18/2020,108
8/18/2019,98
8/18/2018,120
8/18/2017,106
8/18/2016,117
8/18/2015,97
8/18/2014,91
8/18/2013,102
8/18/2012,103
8/18/2011,105
8/18/2010,133
8/17/2021,98
8/17/2020,113
8/17/2019,103
8/17/2018,123
8/17/2017,97
8/17/2016,114
8/17/2015,113
8/17/2014,110
8/17/2013,121
8/17/2012,117
8/17/2011,98
8/17/2010,121
8/16/2021,103
8/16/2020,86
8/16/2019,101
8/16/2018,119
8/16/2017,112
8/16/2016,103
8/16/2015,106
8/16/2014,111
8/16/2013,108
8/16/2012,97
8/16/2011,114
8/16/2010,107
8/15/2021,105
8/15/2020,107
8/15/2019,105
8/15/2018,113
8/15/2017,116
8/15/2016,97
8/15/2015,111
8/15/2014,101
8/15/2013,106
8/15/2012,100
8/15/2011,112
8/15/2010,99
8/14/2021,108
8/14/2020,109
8/14/2019,104
8/14/2018,108
8/14/2017,116
8/14/2016,118
8/14/2015,113
8/14/2014,104
8/14/2013,116
8/14/2012,115
8/14/2011,93
8/14/2010,125
8/13/2021,107
8/13/2020,98
8/13/2019,106
8/13/2018,117
8/13/2017,119
8/13/2016,107
8/13/2015,105
8/13/2014,112
8/13/2013,100
8/13/2012,106
8/13/2011,116
8/13/2010,107
8/12/2021,113
8/12/2020,108
8/12/2019,99
8/12/2018,92
8/12/2017,104
8/12/2016,105
8/12/2015,112
8/12/2014,98
8/12/2013,94
8/12/2012,104
8/12/2011,105
8/12/2010,122
8/11/2021,98
8/11/2020,115
8/11/2019,102
8/11/2018,96
8/11/2017,125
8/11/2016,107
8/11/2015,105
8/11/2014,98
8/11/2013,115
8/11/2012,133
8/11/2011,107
8/11/2010,93
8/10/2021,132
8/10/2020,122
8/10/2019,99
8/10/2018,122
8/10/2017,102
8/10/2016,92
8/10/2015,88
8/10/2014,98
8/10/2013,118
8/10/2012,94
8/10/2011,112
8/10/2010,107
8/1/2021,102
8/1/2020,105
8/1/2019,97
8/1/2018,107
8/1/2017,111
8/1/2016,96
8/1/2015,114
8/1/2014,132
8/1/2013,84
8/1/2012,103
8/1/2011,103
8/1/2010,95
7/9/2021,117
7/9/2020,103
7/9/2019,107
7/9/2018,114
7/9/2017,120
7/9/2016,112
7/9/2015,121
7/9/2014,92
7/9/2013,99
7/9/2012,112
7/9/2011,93
7/9/2010,102
7/8/2021,96
7/8/2020,109
7/8/2019,118
7/8/2018,118
7/8/2017,97
7/8/2016,121
7/8/2015,120
7/8/2014,112
7/8/2013,95
7/8/2012,108
7/8/2011,113
7/8/2010,114
7/7/2021,108
7/7/2020,94
7/7/2019,92
7/7/2018,114
7/7/2017,91
7/7/2016,124
7/7/2015,96
7/7/2014,108
7/7/2013,116
7/7/2012,103
7/7/2011,109
7/7/2010,105
7/6/2021,97
7/6/2020,109
7/6/2019,102
7/6/2018,131
7/6/2017,128
7/6/2016,98
7/6/2015,128
7/6/2014,120
7/6/2013,98
7/6/2012,96
7/6/2011,122
7/6/2010,104
7/5/2021,127
7/5/2020,96
7/5/2019,119
7/5/2018,99
7/5/2017,104
7/5/2016,99
7/5/2015,86
7/5/2014,106
7/5/2013,110
7/5/2012,117
7/5/2011,113
7/5/2010,94
7/4/2021,91
7/4/2020,90
7/4/2019,114
7/4/2018,97
7/4/2017,104
7/4/2016,100
7/4/2015,101
7/4/2014,123
7/4/2013,103
7/4/2012,109
7/4/2011,115
7/4/2010,97
7/31/2021,103
7/31/2020,109
7/31/2019,100
7/31/2018,98
7/31/2017,97
7/31/2016,123
7/31/2015,110
7/31/2014,111
7/31/2013,112
7/31/2012,102
7/31/2011,100
7/31/2010,116
7/30/2021,96
7/30/2020,102
7/30/2019,100
7/30/2018,108
7/30/2017,115
7/30/2016,126
7/30/2015,112
7/30/2014,109
7/30/2013,112
7/30/2012,120
7/30/2011,101
7/30/2010,110
7/3/2021,104
7/3/2020,124
7/3/2019,99
7/3/2018,102
7/3/2017,138
7/3/2016,97
7/3/2015,110
7/3/2014,98
7/3/2013,113
7/3/2012,100
7/3/2011,105
7/3/2010,102
7/29/2021,108
7/29/2020,107
7/29/2019,93
7/29/2018,100
7/29/2017,113
7/29/2016,115
7/29/2015,109
7/29/2014,91
7/29/2013,131
7/29/2012,101
7/29/2011,117
7/29/2010,112
7/28/2021,83
7/28/2020,90
7/28/2019,98
7/28/2018,109
7/28/2017,124
7/28/2016,110
7/28/2015,100
7/28/2014,93
7/28/2013,100
7/28/2012,120
7/28/2011,89
7/28/2010,111
7/27/2021,121
7/27/2020,110
7/27/2019,124
7/27/2018,103
7/27/2017,99
7/27/2016,106
7/27/2015,109
7/27/2014,101
7/27/2013,114
7/27/2012,101
7/27/2011,108
7/27/2010,115
7/26/2021,110
7/26/2020,116
7/26/2019,111
7/26/2018,117
7/26/2017,105
7/26/2016,95
7/26/2015,108
7/26/2014,119
7/26/2013,85
7/26/2012,101
7/26/2011,107
7/26/2010,118
7/25/2021,110
7/25/2020,102
7/25/2019,95
7/25/2018,123
7/25/2017,108
7/25/2016,108
7/25/2015,122
7/25/2014,104
7/25/2013,85
7/25/2012,104
7/25/2011,102
7/25/2010,94
7/24/2021,117
7/24/2020,116
7/24/2019,112
7/24/2018,104
7/24/2017,103
7/24/2016,126
7/24/2015,119
7/24/2014,95
7/24/2013,97
7/24/2012,105
7/24/2011,106
7/24/2010,113
7/23/2021,109
7/23/2020,105
7/23/2019,90
7/23/2018,110
7/23/2017,104
7/23/2016,108
7/23/2015,104
7/23/2014,109
7/23/2013,107
7/23/2012,123
7/23/2011,102
7/23/2010,113
7/22/2021,121
7/22/2020,106
7/22/2019,98
7/22/2018,97
7/22/2017,119
7/22/2016,102
7/22/2015,109
7/22/2014,108
7/22/2013,109
7/22/2012,109
7/22/2011,116
7/22/2010,130
7/21/2021,106
7/21/2020,118
7/21/2019,91
7/21/2018,91
7/21/2017,109
7/21/2016,136
7/21/2015,116
7/21/2014,108
7/21/2013,115
7/21/2012,114
7/21/2011,112
7/21/2010,101
7/20/2021,128
7/20/2020,106
7/20/2019,109
7/20/2018,128
7/20/2017,99
7/20/2016,113
7/20/2015,97
7/20/2014,127
7/20/2013,113
7/20/2012,98
7/20/2011,103
7/20/2010,96
7/2/2021,98
7/2/2020,106
7/2/2019,88
7/2/2018,116
7/2/2017,107
7/2/2016,106
7/2/2015,104
7/2/2014,125
7/2/2013,120
7/2/2012,122
7/2/2011,122
7/2/2010,111
7/19/2021,107
7/19/2020,115
7/19/2019,116
7/19/2018,102
7/19/2017,109
7/19/2016,109
7/19/2015,105
7/19/2014,104
7/19/2013,104
7/19/2012,87
7/19/2011,112
7/19/2010,119
7/18/2021,126
7/18/2020,114
7/18/2019,111
7/18/2018,108
7/18/2017,110
7/18/2016,130
7/18/2015,108
7/18/2014,103
7/18/2013,101
7/18/2012,97
7/18/2011,102
7/18/2010,127
7/17/2021,92
7/17/2020,103
7/17/2019,93
7/17/2018,95
7/17/2017,102
7/17/2016,93
7/17/2015,105
7/17/2014,108
7/17/2013,100
7/17/2012,104
7/17/2011,104
7/17/2010,92
7/16/2021,110
7/16/2020,114
7/16/2019,103
7/16/2018,118
7/16/2017,101
7/16/2016,105
7/16/2015,112
7/16/2014,95
7/16/2013,93
7/16/2012,98
7/16/2011,102
7/16/2010,107
7/15/2021,107
7/15/2020,118
7/15/2019,102
7/15/2018,114
7/15/2017,118
7/15/2016,116
7/15/2015,133
7/15/2014,127
7/15/2013,125
7/15/2012,110
7/15/2011,92
7/15/2010,109
7/14/2021,102
7/14/2020,106
7/14/2019,109
7/14/2018,95
7/14/2017,110
7/14/2016,113
7/14/2015,106
7/14/2014,103
7/14/2013,119
7/14/2012,111
7/14/2011,99
7/14/2010,101
7/13/2021,109
7/13/2020,120
7/13/2019,112
7/13/2018,112
7/13/2017,101
7/13/2016,105
7/13/2015,124
7/13/2014,115
7/13/2013,122
7/13/2012,109
7/13/2011,115
7/13/2010,126
7/12/2021,121
7/12/2020,117
7/12/2019,106
7/12/2018,100
7/12/2017,102
7/12/2016,117
7/12/2015,115
7/12/2014,116
7/12/2013,101
7/12/2012,129
7/12/2011,106
7/12/2010,100
7/11/2021,94
7/11/2020,101
7/11/2019,106
7/11/2018,109
7/11/2017,120
7/11/2016,112
7/11/2015,120
7/11/2014,107
7/11/2013,109
7/11/2012,92
7/11/2011,93
7/11/2010,101
7/10/2021,105
7/10/2020,100
7/10/2019,123
7/10/2018,104
7/10/2017,99
7/10/2016,96
7/10/2015,92
7/10/2014,100
7/10/2013,106
7/10/2012,107
7/10/2011,118
7/10/2010,110
7/1/2021,116
7/1/2020,110
7/1/2019,116
7/1/2018,94
7/1/2017,91
7/1/2016,114
7/1/2015,127
7/1/2014,97
7/1/2013,112
7/1/2012,108
7/1/2011,109
7/1/2010,116
6/9/2021,104
6/9/2020,111
6/9/2019,102
6/9/2018,101
6/9/2017,102
6/9/2016,113
6/9/2015,117
6/9/2014,107
6/9/2013,111
6/9/2012,121
6/9/2011,111
6/9/2010,103
6/8/2021,120
6/8/2020,105
6/8/2019,122
6/8/2018,109
6/8/2017,96
6/8/2016,110
6/8/2015,132
6/8/2014,108
6/8/2013,126
6/8/2012,105
6/8/2011,120
6/8/2010,114
6/7/2021,105
6/7/2020,97
6/7/2019,111
6/7/2018,112
6/7/2017,103
6/7/2016,92
6/7/2015,90
6/7/2014,111
6/7/2013,118
6/7/2012,112
6/7/2011,98
6/7/2010,106
6/6/2021,119
6/6/2020,121
6/6/2019,120
6/6/2018,106
6/6/2017,128
6/6/2016,93
6/6/2015,110
6/6/2014,121
6/6/2013,94
6/6/2012,109
6/6/2011,131
6/6/2010,103
6/5/2021,109
6/5/2020,105
6/5/2019,110
6/5/2018,113
6/5/2017,108
6/5/2016,112
6/5/2015,100
6/5/2014,111
6/5/2013,110
6/5/2012,100
6/5/2011,103
6/5/2010,103
6/4/2021,96
6/4/2020,102
6/4/2019,110
6/4/2018,111
6/4/2017,119
6/4/2016,92
6/4/2015,98
6/4/2014,102
6/4/2013,93
6/4/2012,112
6/4/2011,125
6/4/2010,105
6/30/2021,91
6/30/2020,109
6/30/2019,118
6/30/2018,119
6/30/2017,114
6/30/2016,95
6/30/2015,130
6/30/2014,97
6/30/2013,106
6/30/2012,117
6/30/2011,113
6/30/2010,108
6/3/2021,107
6/3/2020,120
6/3/2019,105
6/3/2018,109
6/3/2017,101
6/3/2016,123
6/3/2015,119
6/3/2014,105
6/3/2013,99
6/3/2012,102
6/3/2011,95
6/3/2010,101
6/29/2021,109
6/29/2020,111
6/29/2019,113
6/29/2018,105
6/29/2017,121
6/29/2016,93
6/29/2015,122
6/29/2014,97
6/29/2013,91
6/29/2012,116
6/29/2011,108
6/29/2010,109
6/28/2021,105
6/28/2020,108
6/28/2019,92
6/28/2018,130
6/28/2017,94
6/28/2016,105
6/28/2015,108
6/28/2014,106
6/28/2013,93
6/28/2012,112
6/28/2011,99
6/28/2010,109
6/27/2021,124
6/27/2020,110
6/27/2019,88
6/27/2018,104
6/27/2017,115
6/27/2016,120
6/27/2015,118
6/27/2014,110
6/27/2013,110
6/27/2012,108
6/27/2011,108
6/27/2010,132
6/26/2021,125
6/26/2020,92
6/26/2019,110
6/26/2018,93
6/26/2017,121
6/26/2016,116
6/26/2015,104
6/26/2014,108
6/26/2013,93
6/26/2012,121
6/26/2011,122
6/26/2010,119
6/25/2021,118
6/25/2020,105
6/25/2019,89
6/25/2018,116
6/25/2017,97
6/25/2016,113
6/25/2015,111
6/25/2014,122
6/25/2013,106
6/25/2012,105
6/25/2011,97
6/25/2010,101
6/24/2021,97
6/24/2020,118
6/24/2019,99
6/24/2018,106
6/24/2017,97
6/24/2016,114
6/24/2015,106
6/24/2014,116
6/24/2013,113
6/24/2012,119
6/24/2011,106
6/24/2010,105
6/23/2021,136
6/23/2020,101
6/23/2019,108
6/23/2018,90
6/23/2017,105
6/23/2016,136
6/23/2015,81
6/23/2014,104
6/23/2013,113
6/23/2012,115
6/23/2011,95
6/23/2010,101
6/22/2021,117
6/22/2020,102
6/22/2019,106
6/22/2018,104
6/22/2017,114
6/22/2016,111
6/22/2015,110
6/22/2014,105
6/22/2013,102
6/22/2012,106
6/22/2011,143
6/22/2010,98
6/21/2021,106
6/21/2020,110
6/21/2019,103
6/21/2018,110
6/21/2017,115
6/21/2016,105
6/21/2015,94
6/21/2014,103
6/21/2013,116
6/21/2012,106
6/21/2011,107
6/21/2010,113
6/20/2021,90
6/20/2020,101
6/20/2019,96
6/20/2018,108
6/20/2017,106
6/20/2016,106
6/20/2015,110
6/20/2014,117
6/20/2013,114
6/20/2012,120
6/20/2011,117
6/20/2010,121
6/2/2021,121
6/2/2020,108
6/2/2019,103
6/2/2018,100
6/2/2017,94
6/2/2016,114
6/2/2015,125
6/2/2014,89
6/2/2013,108
6/2/2012,91
6/2/2011,118
6/2/2010,107
6/19/2021,111
6/19/2020,99
6/19/2019,118
6/19/2018,112
6/19/2017,104
6/19/2016,116
6/19/2015,97
6/19/2014,121
6/19/2013,110
6/19/2012,103
6/19/2011,117
6/19/2010,101
6/18/2021,121
6/18/2020,84
6/18/2019,82
6/18/2018,97
6/18/2017,99
6/18/2016,108
6/18/2015,116
6/18/2014,109
6/18/2013,95
6/18/2012,99
6/18/2011,113
6/18/2010,120
6/17/2021,95
6/17/2020,114
6/17/2019,110
6/17/2018,109
6/17/2017,102
6/17/2016,106
6/17/2015,109
6/17/2014,102
6/17/2013,110
6/17/2012,109
6/17/2011,99
6/17/2010,129
6/16/2021,104
6/16/2020,112
6/16/2019,110
6/16/2018,108
6/16/2017,103
6/16/2016,105
6/16/2015,112
6/16/2014,100
6/16/2013,100
6/16/2012,123
6/16/2011,106
6/16/2010,119
6/15/2021,99
6/15/2020,129
6/15/2019,133
6/15/2018,117
6/15/2017,87
6/15/2016,98
6/15/2015,88
6/15/2014,98
6/15/2013,104
6/15/2012,101
6/15/2011,97
6/15/2010,114
6/14/2021,108
6/14/2020,116
6/14/2019,116
6/14/2018,109
6/14/2017,113
6/14/2016,108
6/14/2015,116
6/14/2014,98
6/14/2013,87
6/14/2012,123
6/14/2011,97
6/14/2010,91
6/13/2021,120
6/13/2020,113
6/13/2019,101
6/13/2018,95
6/13/2017,104
6/13/2016,121
6/13/2015,120
6/13/2014,97
6/13/2013,115
6/13/2012,115
6/13/2011,129
6/13/2010,105
6/12/2021,91
6/12/2020,116
6/12/2019,120
6/12/2018,102
6/12/2017,118
6/12/2016,118
6/12/2015,114
6/12/2014,108
6/12/2013,118
6/12/2012,114
6/12/2011,115
6/12/2010,106
6/11/2021,106
6/11/2020,105
6/11/2019,121
6/11/2018,103
6/11/2017,96
6/11/2016,96
6/11/2015,136
6/11/2014,89
6/11/2013,99
6/11/2012,98
6/11/2011,104
6/11/2010,119
6/10/2021,124
6/10/2020,98
6/10/2019,102
6/10/2018,93
6/10/2017,111
6/10/2016,101
6/10/2015,99
6/10/2014,107
6/10/2013,105
6/10/2012,105
6/10/2011,95
6/10/2010,97
6/1/2021,115
6/1/2020,106
6/1/2019,94
6/1/2018,112
6/1/2017,108
6/1/2016,118
6/1/2015,106
6/1/2014,91
6/1/2013,111
6/1/2012,103
6/1/2011,105
6/1/2010,106
5/9/2021,94
5/9/2020,136
5/9/2019,111
5/9/2018,99
5/9/2017,107
5/9/2016,117
5/9/2015,118
5/9/2014,105
5/9/2013,135
5/9/2012,101
5/9/2011,106
5/9/2010,115
5/8/2021,88
5/8/2020,109
5/8/2019,80
5/8/2018,95
5/8/2017,86
5/8/2016,107
5/8/2015,110
5/8/2014,116
5/8/2013,97
5/8/2012,112
5/8/2011,118
5/8/2010,92
5/7/2021,101
5/7/2020,99
5/7/2019,105
5/7/2018,101
5/7/2017,128
5/7/2016,92
5/7/2015,113
5/7/2014,101
5/7/2013,117
5/7/2012,97
5/7/2011,104
5/7/2010,126
5/6/2021,116
5/6/2020,105
5/6/2019,100
5/6/2018,99
5/6/2017,102
5/6/2016,119
5/6/2015,112
5/6/2014,139
5/6/2013,103
5/6/2012,113
5/6/2011,105
5/6/2010,112
5/5/2021,109
5/5/2020,120
5/5/2019,104
5/5/2018,101
5/5/2017,122
5/5/2016,125
5/5/2015,102
5/5/2014,104
5/5/2013,120
5/5/2012,116
5/5/2011,98
5/5/2010,110
5/4/2021,104
5/4/2020,110
5/4/2019,112
5/4/2018,106
5/4/2017,120
5/4/2016,123
5/4/2015,124
5/4/2014,124
5/4/2013,117
5/4/2012,118
5/4/2011,101
5/4/2010,100
5/31/2021,120
5/31/2020,93
5/31/2019,115
5/31/2018,111
5/31/2017,111
5/31/2016,102
5/31/2015,119
5/31/2014,114
5/31/2013,107
5/31/2012,115
5/31/2011,90
5/31/2010,116
5/30/2021,94
5/30/2020,103
5/30/2019,118
5/30/2018,115
5/30/2017,107
5/30/2016,109
5/30/2015,102
5/30/2014,107
5/30/2013,99
5/30/2012,105
5/30/2011,107
5/30/2010,131
5/3/2021,124
5/3/2020,106
5/3/2019,101
5/3/2018,108
5/3/2017,102
5/3/2016,93
5/3/2015,116
5/3/2014,114
5/3/2013,109
5/3/2012,87
5/3/2011,110
5/3/2010,131
5/29/2021,102
5/29/2020,102
5/29/2019,95
5/29/2018,121
5/29/2017,96
5/29/2016,121
5/29/2015,123
5/29/2014,103
5/29/2013,117
5/29/2012,107
5/29/2011,113
5/29/2010,119
5/28/2021,94
5/28/2020,101
5/28/2019,112
5/28/2018,109
5/28/2017,122
5/28/2016,111
5/28/2015,111
5/28/2014,111
5/28/2013,114
5/28/2012,101
5/28/2011,120
5/28/2010,90
5/27/2021,123
5/27/2020,116
5/27/2019,110
5/27/2018,106
5/27/2017,95
5/27/2016,134
5/27/2015,91
5/27/2014,111
5/27/2013,110
5/27/2012,99
5/27/2011,107
5/27/2010,97
5/26/2021,121
5/26/2020,99
5/26/2019,116
5/26/2018,104
5/26/2017,100
5/26/2016,130
5/26/2015,129
5/26/2014,111
5/26/2013,87
5/26/2012,111
5/26/2011,107
5/26/2010,112
5/25/2021,107
5/25/2020,118
5/25/2019,115
5/25/2018,109
5/25/2017,119
5/25/2016,128
5/25/2015,96
5/25/2014,100
5/25/2013,103
5/25/2012,113
5/25/2011,137
5/25/2010,124
5/24/2021,100
5/24/2020,111
5/24/2019,114
5/24/2018,112
5/24/2017,107
5/24/2016,109
5/24/2015,112
5/24/2014,119
5/24/2013,98
5/24/2012,127
5/24/2011,112
5/24/2010,95
5/23/2021,116
5/23/2020,105
5/23/2019,100
5/23/2018,123
5/23/2017,104
5/23/2016,108
5/23/2015,101
5/23/2014,95
5/23/2013,94
5/23/2012,98
5/23/2011,103
5/23/2010,109
5/22/2021,104
5/22/2020,99
5/22/2019,95
5/22/2018,114
5/22/2017,103
5/22/2016,120
5/22/2015,105
5/22/2014,106
5/22/2013,85
5/22/2012,99
5/22/2011,102
5/22/2010,121
5/21/2021,118
5/21/2020,117
5/21/2019,115
5/21/2018,94
5/21/2017,87
5/21/2016,102
5/21/2015,96
5/21/2014,84
5/21/2013,119
5/21/2012,113
5/21/2011,124
5/21/2010,119
5/20/2021,92
5/20/2020,139
5/20/2019,121
5/20/2018,104
5/20/2017,89
5/20/2016,120
5/20/2015,124
5/20/2014,101
5/20/2013,103
5/20/2012,114
5/20/2011,106
5/20/2010,124
5/2/2021,110
5/2/2020,112
5/2/2019,117
5/2/2018,106
5/2/2017,101
5/2/2016,106
5/2/2015,113
5/2/2014,102
5/2/2013,99
5/2/2012,117
5/2/2011,107
5/2/2010,100
5/19/2021,111
5/19/2020,111
5/19/2019,105
5/19/2018,108
5/19/2017,109
5/19/2016,106
5/19/2015,122
5/19/2014,105
5/19/2013,119
5/19/2012,103
5/19/2011,106
5/19/2010,90
5/18/2021,101
5/18/2020,101
5/18/2019,105
5/18/2018,99
5/18/2017,104
5/18/2016,117
5/18/2015,107
5/18/2014,97
5/18/2013,107
5/18/2012,108
5/18/2011,114
5/18/2010,106
5/17/2021,111
5/17/2020,114
5/17/2019,112
5/17/2018,102
5/17/2017,111
5/17/2016,114
5/17/2015,99
5/17/2014,112
5/17/2013,113
5/17/2012,130
5/17/2011,124
5/17/2010,103
5/16/2021,117
5/16/2020,114
5/16/2019,116
5/16/2018,88
5/16/2017,110
5/16/2016,105
5/16/2015,101
5/16/2014,109
5/16/2013,93
5/16/2012,111
5/16/2011,110
5/16/2010,105
5/15/2021,109
5/15/2020,124
5/15/2019,110
5/15/2018,114
5/15/2017,114
5/15/2016,97
5/15/2015,108
5/15/2014,125
5/15/2013,85
5/15/2012,111
5/15/2011,99
5/15/2010,113
5/14/2021,97
5/14/2020,94
5/14/2019,117
5/14/2018,114
5/14/2017,106
5/14/2016,97
5/14/2015,118
5/14/2014,111
5/14/2013,101
5/14/2012,100
5/14/2011,116
5/14/2010,103
5/13/2021,111
5/13/2020,96
5/13/2019,95
5/13/2018,106
5/13/2017,115
5/13/2016,109
5/13/2015,100
5/13/2014,97
5/13/2013,119
5/13/2012,101
5/13/2011,84
5/13/2010,128
5/12/2021,123
5/12/2020,121
5/12/2019,109
5/12/2018,104
5/12/2017,114
5/12/2016,98
5/12/2015,88
5/12/2014,124
5/12/2013,111
5/12/2012,104
5/12/2011,107
5/12/2010,108
5/11/2021,87
5/11/2020,106
5/11/2019,108
5/11/2018,113
5/11/2017,127
5/11/2016,114
5/11/2015,99
5/11/2014,120
5/11/2013,117
5/11/2012,119
5/11/2011,108
5/11/2010,97
5/10/2021,112
5/10/2020,112
5/10/2019,114
5/10/2018,105
5/10/2017,109
5/10/2016,109
5/10/2015,116
5/10/2014,111
5/10/2013,113
5/10/2012,97
5/10/2011,100
5/10/2010,110
5/1/2021,102
5/1/2020,107
5/1/2019,108
5/1/2018,97
5/1/2017,93
5/1/2016,100
5/1/2015,93
5/1/2014,107
5/1/2013,112
5/1/2012,124
5/1/2011,114
5/1/2010,108
4/9/2021,106
4/9/2020,102
4/9/2019,102
4/9/2018,96
4/9/2017,104
4/9/2016,94
4/9/2015,83
4/9/2014,109
4/9/2013,118
4/9/2012,106
4/9/2011,118
4/9/2010,108
4/8/2021,117
4/8/2020,92
4/8/2019,113
4/8/2018,119
4/8/2017,107
4/8/2016,98
4/8/2015,109
4/8/2014,113
4/8/2013,114
4/8/2012,82
4/8/2011,118
4/8/2010,101
4/7/2021,101
4/7/2020,119
4/7/2019,120
4/7/2018,119
4/7/2017,116
4/7/2016,123
4/7/2015,96
4/7/2014,117
4/7/2013,117
4/7/2012,123
4/7/2011,109
4/7/2010,90
4/6/2021,118
4/6/2020,101
4/6/2019,116
4/6/2018,128
4/6/2017,99
4/6/2016,124
4/6/2015,107
4/6/2014,112
4/6/2013,123
4/6/2012,101
4/6/2011,97
4/6/2010,106
4/5/2021,102
4/5/2020,104
4/5/2019,104
4/5/2018,118
4/5/2017,125
4/5/2016,119
4/5/2015,114
4/5/2014,111
4/5/2013,117
4/5/2012,108
4/5/2011,120
4/5/2010,98
4/4/2021,115
4/4/2020,113
4/4/2019,126
4/4/2018,109
4/4/2017,130
4/4/2016,113
4/4/2015,97
4/4/2014,98
4/4/2013,91
4/4/2012,94
4/4/2011,84
4/4/2010,107
4/30/2021,105
4/30/2020,108
4/30/2019,107
4/30/2018,106
4/30/2017,109
4/30/2016,118
4/30/2015,104
4/30/2014,113
4/30/2013,104
4/30/2012,115
4/30/2011,122
4/30/2010,115
4/3/2021,117
4/3/2020,107
4/3/2019,110
4/3/2018,100
4/3/2017,125
4/3/2016,82
4/3/2015,101
4/3/2014,118
4/3/2013,105
4/3/2012,100
4/3/2011,119
4/3/2010,104
4/29/2021,109
4/29/2020,104
4/29/2019,100
4/29/2018,95
4/29/2017,118
4/29/2016,116
4/29/2015,120
4/29/2014,107
4/29/2013,102
4/29/2012,105
4/29/2011,117
4/29/2010,109
4/28/2021,125
4/28/2020,99
4/28/2019,103
4/28/2018,105
4/28/2017,112
4/28/2016,115
4/28/2015,104
4/28/2014,96
4/28/2013,99
4/28/2012,116
4/28/2011,95
4/28/2010,114
4/27/2021,124
4/27/2020,96
4/27/2019,107
4/27/2018,110
4/27/2017,107
4/27/2016,106
4/27/2015,121
4/27/2014,121
4/27/2013,124
4/27/2012,100
4/27/2011,114
4/27/2010,120
4/26/2021,104
4/26/2020,111
4/26/2019,100
4/26/2018,89
4/26/2017,94
4/26/2016,109
4/26/2015,111
4/26/2014,119
4/26/2013,97
4/26/2012,110
4/26/2011,107
4/26/2010,98
4/25/2021,125
4/25/2020,103
4/25/2019,107
4/25/2018,112
4/25/2017,104
4/25/2016,109
4/25/2015,106
4/25/2014,108
4/25/2013,97
4/25/2012,102
4/25/2011,105
4/25/2010,107
4/24/2021,103
4/24/2020,114
4/24/2019,95
4/24/2018,111
4/24/2017,109
4/24/2016,107
4/24/2015,98
4/24/2014,123
4/24/2013,95
4/24/2012,128
4/24/2011,108
4/24/2010,125
4/23/2021,97
4/23/2020,107
4/23/2019,99
4/23/2018,109
4/23/2017,123
4/23/2016,105
4/23/2015,118
4/23/2014,108
4/23/2013,119
4/23/2012,103
4/23/2011,103
4/23/2010,99
4/22/2021,97
4/22/2020,104
4/22/2019,119
4/22/2018,129
4/22/2017,110
4/22/2016,104
4/22/2015,119
4/22/2014,93
4/22/2013,99
4/22/2012,112
4/22/2011,105
4/22/2010,83
4/21/2021,99
4/21/2020,108
4/21/2019,92
4/21/2018,93
4/21/2017,125
4/21/2016,102
4/21/2015,120
4/21/2014,112
4/21/2013,110
4/21/2012,105
4/21/2011,106
4/21/2010,109
4/20/2021,114
4/20/2020,109
4/20/2019,109
4/20/2018,118
4/20/2017,105
4/20/2016,97
4/20/2015,121
4/20/2014,124
4/20/2013,102
4/20/2012,111
4/20/2011,117
4/20/2010,115
4/2/2021,78
4/2/2020,113
4/2/2019,110
4/2/2018,106
4/2/2017,126
4/2/2016,93
4/2/2015,119
4/2/2014,112
4/2/2013,108
4/2/2012,117
4/2/2011,92
4/2/2010,107
4/19/2021,109
4/19/2020,103
4/19/2019,98
4/19/2018,116
4/19/2017,98
4/19/2016,108
4/19/2015,100
4/19/2014,98
4/19/2013,85
4/19/2012,119
4/19/2011,102
4/19/2010,105
4/18/2021,123
4/18/2020,98
4/18/2019,108
4/18/2018,93
4/18/2017,109
4/18/2016,91
4/18/2015,105
4/18/2014,112
4/18/2013,95
4/18/2012,110
4/18/2011,120
4/18/2010,109
4/17/2021,103
4/17/2020,119
4/17/2019,113
4/17/2018,105
4/17/2017,99
4/17/2016,101
4/17/2015,104
4/17/2014,118
4/17/2013,119
4/17/2012,105
4/17/2011,100
4/17/2010,102
4/16/2021,101
4/16/2020,107
4/16/2019,108
4/16/2018,99
4/16/2017,107
4/16/2016,95
4/16/2015,125
4/16/2014,99
4/16/2013,108
4/16/2012,93
4/16/2011,103
4/16/2010,109
4/15/2021,101
4/15/2020,120
4/15/2019,97
4/15/2018,94
4/15/2017,107
4/15/2016,111
4/15/2015,114
4/15/2014,109
4/15/2013,107
4/15/2012,122
4/15/2011,113
4/15/2010,107
4/14/2021,97
4/14/2020,106
4/14/2019,106
4/14/2018,113
4/14/2017,95
4/14/2016,117
4/14/2015,120
4/14/2014,96
4/14/2013,113
4/14/2012,118
4/14/2011,114
4/14/2010,120
4/13/2021,124
4/13/2020,105
4/13/2019,102
4/13/2018,91
4/13/2017,107
4/13/2016,117
4/13/2015,100
4/13/2014,118
4/13/2013,106
4/13/2012,104
4/13/2011,113
4/13/2010,99
4/12/2021,99
4/12/2020,111
4/12/2019,112
4/12/2018,106
4/12/2017,115
4/12/2016,120
4/12/2015,93
4/12/2014,105
4/12/2013,110
4/12/2012,113
4/12/2011,110
4/12/2010,107
4/11/2021,110
4/11/2020,106
4/11/2019,120
4/11/2018,131
4/11/2017,106
4/11/2016,111
4/11/2015,113
4/11/2014,102
4/11/2013,112
4/11/2012,114
4/11/2011,106
4/11/2010,102
4/10/2021,89
4/10/2020,110
4/10/2019,104
4/10/2018,120
4/10/2017,115
4/10/2016,124
4/10/2015,111
4/10/2014,121
4/10/2013,97
4/10/2012,112
4/10/2011,108
4/10/2010,88
4/1/2021,107
4/1/2020,101
4/1/2019,99
4/1/2018,113
4/1/2017,101
4/1/2016,104
4/1/2015,92
4/1/2014,90
4/1/2013,116
4/1/2012,95
4/1/2011,123
4/1/2010,116
3/9/2021,110
3/9/2020,99
3/9/2019,110
3/9/2018,117
3/9/2017,110
3/9/2016,115
3/9/2015,101
3/9/2014,90
3/9/2013,85
3/9/2012,115
3/9/2011,124
3/9/2010,115
3/8/2021,113
3/8/2020,120
3/8/2019,111
3/8/2018,102
3/8/2017,132
3/8/2016,107
3/8/2015,93
3/8/2014,109
3/8/2013,102
3/8/2012,95
3/8/2011,107
3/8/2010,90
3/7/2021,120
3/7/2020,125
3/7/2019,116
3/7/2018,95
3/7/2017,112
3/7/2016,117
3/7/2015,107
3/7/2014,102
3/7/2013,109
3/7/2012,97
3/7/2011,88
3/7/2010,104
3/6/2021,116
3/6/2020,97
3/6/2019,108
3/6/2018,117
3/6/2017,108
3/6/2016,93
3/6/2015,114
3/6/2014,102
3/6/2013,122
3/6/2012,110
3/6/2011,104
3/6/2010,105
3/5/2021,104
3/5/2020,111
3/5/2019,104
3/5/2018,116
3/5/2017,108
3/5/2016,102
3/5/2015,114
3/5/2014,111
3/5/2013,119
3/5/2012,103
3/5/2011,123
3/5/2010,106
3/4/2021,114
3/4/2020,111
3/4/2019,111
3/4/2018,103
3/4/2017,103
3/4/2016,119
3/4/2015,111
3/4/2014,105
3/4/2013,121
3/4/2012,111
3/4/2011,103
3/4/2010,116
3/31/2021,98
3/31/2020,102
3/31/2019,120
3/31/2018,116
3/31/2017,105
3/31/2016,117
3/31/2015,111
3/31/2014,109
3/31/2013,112
3/31/2012,97
3/31/2011,130
3/31/2010,98
3/30/2021,116
3/30/2020,94
3/30/2019,117
3/30/2018,113
3/30/2017,95
3/30/2016,110
3/30/2015,103
3/30/2014,93
3/30/2013,115
3/30/2012,96
3/30/2011,118
3/30/2010,89
3/3/2021,111
3/3/2020,102
3/3/2019,116
3/3/2018,112
3/3/2017,101
3/3/2016,85
3/3/2015,136
3/3/2014,120
3/3/2013,109
3/3/2012,107
3/3/2011,108
3/3/2010,102
3/29/2021,101
3/29/2020,104
3/29/2019,107
3/29/2018,123
3/29/2017,107
3/29/2016,109
3/29/2015,104
3/29/2014,115
3/29/2013,90
3/29/2012,125
3/29/2011,117
3/29/2010,96
3/28/2021,102
3/28/2020,103
3/28/2019,104
3/28/2018,111
3/28/2017,114
3/28/2016,119
3/28/2015,97
3/28/2014,120
3/28/2013,133
3/28/2012,119
3/28/2011,116
3/28/2010,115
3/27/2021,107
3/27/2020,118
3/27/2019,122
3/27/2018,106
3/27/2017,117
3/27/2016,121
3/27/2015,100
3/27/2014,105
3/27/2013,117
3/27/2012,100
3/27/2011,100
3/27/2010,104
3/26/2021,113
3/26/2020,97
3/26/2019,116
3/26/2018,97
3/26/2017,117
3/26/2016,109
3/26/2015,120
3/26/2014,115
3/26/2013,120
3/26/2012,94
3/26/2011,103
3/26/2010,104
3/25/2021,114
3/25/2020,104
3/25/2019,120
3/25/2018,95
3/25/2017,105
3/25/2016,92
3/25/2015,114
3/25/2014,95
3/25/2013,107
3/25/2012,95
3/25/2011,105
3/25/2010,104
3/24/2021,134
3/24/2020,122
3/24/2019,109
3/24/2018,119
3/24/2017,119
3/24/2016,111
3/24/2015,107
3/24/2014,82
3/24/2013,110
3/24/2012,108
3/24/2011,108
3/24/2010,107
3/23/2021,106
3/23/2020,75
3/23/2019,108
3/23/2018,97
3/23/2017,119
3/23/2016,107
3/23/2015,118
3/23/2014,100
3/23/2013,102
3/23/2012,102
3/23/2011,102
3/23/2010,112
3/22/2021,106
3/22/2020,89
3/22/2019,112
3/22/2018,114
3/22/2017,94
3/22/2016,117
3/22/2015,124
3/22/2014,136
3/22/2013,86
3/22/2012,95
3/22/2011,112
3/22/2010,93
3/21/2021,118
3/21/2020,98
3/21/2019,102
3/21/2018,105
3/21/2017,112
3/21/2016,113
3/21/2015,89
3/21/2014,108
3/21/2013,113
3/21/2012,110
3/21/2011,94
3/21/2010,100
3/20/2021,107
3/20/2020,119
3/20/2019,109
3/20/2018,91
3/20/2017,112
3/20/2016,112
3/20/2015,90
3/20/2014,99
3/20/2013,125
3/20/2012,112
3/20/2011,99
3/20/2010,99
3/2/2021,103
3/2/2020,113
3/2/2019,98
3/2/2018,114
3/2/2017,101
3/2/2016,113
3/2/2015,115
3/2/2014,109
3/2/2013,115
3/2/2012,87
3/2/2011,98
3/2/2010,97
3/19/2021,106
3/19/2020,108
3/19/2019,117
3/19/2018,111
3/19/2017,96
3/19/2016,93
3/19/2015,103
3/19/2014,103
3/19/2013,119
3/19/2012,105
3/19/2011,109
3/19/2010,112
3/18/2021,120
3/18/2020,126
3/18/2019,103
3/18/2018,111
3/18/2017,120
3/18/2016,103
3/18/2015,132
3/18/2014,97
3/18/2013,110
3/18/2012,104
3/18/2011,105
3/18/2010,95
3/17/2021,105
3/17/2020,125
3/17/2019,116
3/17/2018,108
3/17/2017,131
3/17/2016,115
3/17/2015,104
3/17/2014,130
3/17/2013,112
3/17/2012,115
3/17/2011,110
3/17/2010,88
3/16/2021,111
3/16/2020,83
3/16/2019,95
3/16/2018,105
3/16/2017,111
3/16/2016,90
3/16/2015,108
3/16/2014,100
3/16/2013,103
3/16/2012,108
3/16/2011,106
3/16/2010,109
3/15/2021,118
3/15/2020,116
3/15/2019,132
3/15/2018,103
3/15/2017,105
3/15/2016,112
3/15/2015,103
3/15/2014,123
3/15/2013,86
3/15/2012,114
3/15/2011,113
3/15/2010,103
3/14/2021,101
3/14/2020,117
3/14/2019,121
3/14/2018,109
3/14/2017,114
3/14/2016,95
3/14/2015,113
3/14/2014,108
3/14/2013,125
3/14/2012,113
3/14/2011,108
3/14/2010,112
3/13/2021,102
3/13/2020,98
3/13/2019,107
3/13/2018,104
3/13/2017,124
3/13/2016,105
3/13/2015,114
3/13/2014,94
3/13/2013,116
3/13/2012,99
3/13/2011,110
3/13/2010,99
3/12/2021,110
3/12/2020,105
3/12/2019,103
3/12/2018,99
3/12/2017,108
3/12/2016,105
3/12/2015,107
3/12/2014,106
3/12/2013,104
3/12/2012,108
3/12/2011,123
3/12/2010,109
3/11/2021,106
3/11/2020,125
3/11/2019,93
3/11/2018,112
3/11/2017,104
3/11/2016,118
3/11/2015,110
3/11/2014,118
3/11/2013,114
3/11/2012,86
3/11/2011,115
3/11/2010,133
3/10/2021,92
3/10/2020,108
3/10/2019,103
3/10/2018,110
3/10/2017,104
3/10/2016,100
3/10/2015,150
3/10/2014,102
3/10/2013,116
3/10/2012,88
3/10/2011,91
3/10/2010,100
3/1/2021,100
3/1/2020,117
3/1/2019,102
3/1/2018,91
3/1/2017,81
3/1/2016,110
3/1/2015,104
3/1/2014,91
3/1/2013,111
3/1/2012,110
3/1/2011,104
3/1/2010,112
2/9/2021,123
2/9/2020,117
2/9/2019,81
2/9/2018,125
2/9/2017,105
2/9/2016,103
2/9/2015,107
2/9/2014,98
2/9/2013,101
2/9/2012,106
2/9/2011,90
2/9/2010,110
2/8/2021,105
2/8/2020,104
2/8/2019,119
2/8/2018,102
2/8/2017,88
2/8/2016,109
2/8/2015,105
2/8/2014,76
2/8/2013,115
2/8/2012,94
2/8/2011,96
2/8/2010,112
2/7/2021,95
2/7/2020,122
2/7/2019,107
2/7/2018,100
2/7/2017,108
2/7/2016,112
2/7/2015,108
2/7/2014,108
2/7/2013,94
2/7/2012,104
2/7/2011,124
2/7/2010,109
2/6/2021,105
2/6/2020,106
2/6/2019,121
2/6/2018,116
2/6/2017,100
2/6/2016,100
2/6/2015,96
2/6/2014,130
2/6/2013,100
2/6/2012,99
2/6/2011,94
2/6/2010,104
2/5/2021,99
2/5/2020,103
2/5/2019,120
2/5/2018,101
2/5/2017,109
2/5/2016,110
2/5/2015,126
2/5/2014,117
2/5/2013,105
2/5/2012,94
2/5/2011,102
2/5/2010,118
2/4/2021,122
2/4/2020,92
2/4/2019,105
2/4/2018,93
2/4/2017,104
2/4/2016,100
2/4/2015,108
2/4/2014,113
2/4/2013,122
2/4/2012,121
2/4/2011,128
2/4/2010,95
2/3/2021,120
2/3/2020,112
2/3/2019,121
2/3/2018,102
2/3/2017,112
2/3/2016,124
2/3/2015,109
2/3/2014,103
2/3/2013,89
2/3/2012,102
2/3/2011,123
2/3/2010,113
2/29/2020,128
2/29/2016,124
2/29/2012,117
2/28/2021,120
2/28/2020,131
2/28/2019,98
2/28/2018,93
2/28/2017,119
2/28/2016,124
2/28/2015,110
2/28/2014,120
2/28/2013,102
2/28/2012,117
2/28/2011,110
2/28/2010,104
2/27/2021,111
2/27/2020,106
2/27/2019,113
2/27/2018,104
2/27/2017,101
2/27/2016,121
2/27/2015,120
2/27/2014,113
2/27/2013,128
2/27/2012,121
2/27/2011,97
2/27/2010,111
2/26/2021,102
2/26/2020,94
2/26/2019,101
2/26/2018,122
2/26/2017,105
2/26/2016,105
2/26/2015,106
2/26/2014,108
2/26/2013,129
2/26/2012,113
2/26/2011,112
2/26/2010,113
2/25/2021,97
2/25/2020,111
2/25/2019,126
2/25/2018,117
2/25/2017,99
2/25/2016,111
2/25/2015,98
2/25/2014,115
2/25/2013,107
2/25/2012,101
2/25/2011,124
2/25/2010,104
2/24/2021,120
2/24/2020,87
2/24/2019,113
2/24/2018,113
2/24/2017,125
2/24/2016,98
2/24/2015,104
2/24/2014,97
2/24/2013,111
2/24/2012,114
2/24/2011,98
2/24/2010,107
2/23/2021,112
2/23/2020,98
2/23/2019,123
2/23/2018,91
2/23/2017,95
2/23/2016,85
2/23/2015,101
2/23/2014,95
2/23/2013,113
2/23/2012,97
2/23/2011,103
2/23/2010,105
2/22/2021,117
2/22/2020,103
2/22/2019,126
2/22/2018,121
2/22/2017,127
2/22/2016,100
2/22/2015,114
2/22/2014,100
2/22/2013,117
2/22/2012,117
2/22/2011,89
2/22/2010,100
2/21/2021,109
2/21/2020,106
2/21/2019,113
2/21/2018,90
2/21/2017,115
2/21/2016,118
2/21/2015,106
2/21/2014,120
2/21/2013,107
2/21/2012,136
2/21/2011,104
2/21/2010,116
2/20/2021,116
2/20/2020,110
2/20/2019,98
2/20/2018,96
2/20/2017,98
2/20/2016,106
2/20/2015,102
2/20/2014,136
2/20/2013,111
2/20/2012,104
2/20/2011,98
2/20/2010,124
2/2/2021,121
2/2/2020,96
2/2/2019,100
2/2/2018,117
2/2/2017,94
2/2/2016,96
2/2/2015,112
2/2/2014,113
2/2/2013,109
2/2/2012,119
2/2/2011,107
2/2/2010,98
2/19/2021,115
2/19/2020,90
2/19/2019,107
2/19/2018,112
2/19/2017,101
2/19/2016,118
2/19/2015,100
2/19/2014,123
2/19/2013,108
2/19/2012,114
2/19/2011,126
2/19/2010,129
2/18/2021,110
2/18/2020,124
2/18/2019,120
2/18/2018,93
2/18/2017,107
2/18/2016,96
2/18/2015,107
2/18/2014,110
2/18/2013,108
2/18/2012,119
2/18/2011,113
2/18/2010,118
2/17/2021,133
2/17/2020,100
2/17/2019,92
2/17/2018,109
2/17/2017,85
2/17/2016,103
2/17/2015,110
2/17/2014,91
2/17/2013,109
2/17/2012,122
2/17/2011,131
2/17/2010,111
2/16/2021,101
2/16/2020,100
2/16/2019,115
2/16/2018,121
2/16/2017,114
2/16/2016,117
2/16/2015,97
2/16/2014,116
2/16/2013,82
2/16/2012,104
2/16/2011,99
2/16/2010,116
2/15/2021,110
2/15/2020,105
2/15/2019,122
2/15/2018,106
2/15/2017,102
2/15/2016,106
2/15/2015,108
2/15/2014,107
2/15/2013,82
2/15/2012,124
2/15/2011,121
2/15/2010,109
2/14/2021,118
2/14/2020,93
2/14/2019,107
2/14/2018,96
2/14/2017,110
2/14/2016,101
2/14/2015,92
2/14/2014,123
2/14/2013,117
2/14/2012,97
2/14/2011,103
2/14/2010,110
2/13/2021,109
2/13/2020,115
2/13/2019,123
2/13/2018,118
2/13/2017,94
2/13/2016,103
2/13/2015,114
2/13/2014,114
2/13/2013,84
2/13/2012,107
2/13/2011,106
2/13/2010,110
2/12/2021,117
2/12/2020,110
2/12/2019,137
2/12/2018,98
2/12/2017,116
2/12/2016,102
2/12/2015,107
2/12/2014,87
2/12/2013,97
2/12/2012,119
2/12/2011,103
2/12/2010,102
2/11/2021,102
2/11/2020,95
2/11/2019,94
2/11/2018,104
2/11/2017,141
2/11/2016,111
2/11/2015,108
2/11/2014,93
2/11/2013,96
2/11/2012,117
2/11/2011,93
2/11/2010,107
2/10/2021,98
2/10/2020,83
2/10/2019,110
2/10/2018,121
2/10/2017,108
2/10/2016,87
2/10/2015,99
2/10/2014,95
2/10/2013,128
2/10/2012,102
2/10/2011,106
2/10/2010,94
2/1/2021,106
2/1/2020,125
2/1/2019,101
2/1/2018,94
2/1/2017,132
2/1/2016,115
2/1/2015,114
2/1/2014,105
2/1/2013,117
2/1/2012,98
2/1/2011,112
2/1/2010,125
12/9/2021,119
12/9/2020,95
12/9/2019,116
12/9/2018,116
12/9/2017,115
12/9/2016,123
12/9/2015,115
12/9/2014,132
12/9/2013,99
12/9/2012,100
12/9/2011,113
12/9/2010,107
12/8/2021,112
12/8/2020,115
12/8/2019,99
12/8/2018,96
12/8/2017,108
12/8/2016,125
12/8/2015,98
12/8/2014,115
12/8/2013,115
12/8/2012,93
12/8/2011,92
12/8/2010,96
12/7/2021,108
12/7/2020,97
12/7/2019,120
12/7/2018,96
12/7/2017,103
12/7/2016,101
12/7/2015,123
12/7/2014,134
12/7/2013,121
12/7/2012,112
12/7/2011,113
12/7/2010,102
12/6/2021,112
12/6/2020,103
12/6/2019,117
12/6/2018,126
12/6/2017,107
12/6/2016,117
12/6/2015,102
12/6/2014,113
12/6/2013,128
12/6/2012,96
12/6/2011,110
12/6/2010,125
12/5/2021,115
12/5/2020,97
12/5/2019,116
12/5/2018,114
12/5/2017,121
12/5/2016,85
12/5/2015,111
12/5/2014,115
12/5/2013,108
12/5/2012,115
12/5/2011,115
12/5/2010,112
12/4/2021,91
12/4/2020,127
12/4/2019,117
12/4/2018,119
12/4/2017,103
12/4/2016,87
12/4/2015,129
12/4/2014,108
12/4/2013,108
12/4/2012,112
12/4/2011,91
12/4/2010,107
12/31/2020,104
12/31/2019,89
12/31/2018,116
12/31/2017,118
12/31/2016,92
12/31/2015,122
12/31/2014,100
12/31/2013,96
12/31/2012,98
12/31/2011,118
12/31/2010,133
12/30/2021,95
12/30/2020,116
12/30/2019,125
12/30/2018,96
12/30/2017,100
12/30/2016,111
12/30/2015,99
12/30/2014,118
12/30/2013,98
12/30/2012,115
12/30/2011,117
12/30/2010,108
12/3/2021,109
12/3/2020,99
12/3/2019,113
12/3/2018,100
12/3/2017,119
12/3/2016,106
12/3/2015,94
12/3/2014,110
12/3/2013,108
12/3/2012,79
12/3/2011,110
12/3/2010,113
12/29/2021,108
12/29/2020,101
12/29/2019,105
12/29/2018,111
12/29/2017,103
12/29/2016,90
12/29/2015,113
12/29/2014,109
12/29/2013,110
12/29/2012,117
12/29/2011,119
12/29/2010,107
12/28/2021,114
12/28/2020,110
12/28/2019,114
12/28/2018,94
12/28/2017,115
12/28/2016,108
12/28/2015,105
12/28/2014,112
12/28/2013,91
12/28/2012,100
12/28/2011,110
12/28/2010,100
12/27/2021,112
12/27/2020,103
12/27/2019,109
12/27/2018,98
12/27/2017,115
12/27/2016,129
12/27/2015,107
12/27/2014,118
12/27/2013,116
12/27/2012,107
12/27/2011,119
12/27/2010,101
12/26/2021,116
12/26/2020,89
12/26/2019,100
12/26/2018,115
12/26/2017,127
12/26/2016,125
12/26/2015,136
12/26/2014,106
12/26/2013,116
12/26/2012,109
12/26/2011,114
12/26/2010,109
12/25/2021,108
12/25/2020,135
12/25/2019,113
12/25/2018,103
12/25/2017,108
12/25/2016,108
12/25/2015,124
12/25/2014,100
12/25/2013,96
12/25/2012,108
12/25/2011,105
12/25/2010,103
12/24/2021,90
12/24/2020,93
12/24/2019,117
12/24/2018,114
12/24/2017,110
12/24/2016,94
12/24/2015,118
12/24/2014,104
12/24/2013,117
12/24/2012,115
12/24/2011,115
12/24/2010,120
12/23/2021,126
12/23/2020,120
12/23/2019,125
12/23/2018,100
12/23/2017,97
12/23/2016,100
12/23/2015,106
12/23/2014,89
12/23/2013,106
12/23/2012,105
12/23/2011,123
12/23/2010,101
12/22/2021,99
12/22/2020,111
12/22/2019,98
12/22/2018,99
12/22/2017,107
12/22/2016,104
12/22/2015,117
12/22/2014,104
12/22/2013,100
12/22/2012,108
12/22/2011,106
12/22/2010,113
12/21/2021,114
12/21/2020,122
12/21/2019,86
12/21/2018,112
12/21/2017,128
12/21/2016,98
12/21/2015,119
12/21/2014,124
12/21/2013,124
12/21/2012,115
12/21/2011,120
12/21/2010,122
12/20/2021,101
12/20/2020,114
12/20/2019,108
12/20/2018,100
12/20/2017,111
12/20/2016,103
12/20/2015,99
12/20/2014,109
12/20/2013,106
12/20/2012,131
12/20/2011,115
12/20/2010,107
12/2/2021,102
12/2/2020,101
12/2/2019,104
12/2/2018,132
12/2/2017,99
12/2/2016,97
12/2/2015,117
12/2/2014,103
12/2/2013,99
12/2/2012,96
12/2/2011,122
12/2/2010,113
12/19/2021,109
12/19/2020,93
12/19/2019,100
12/19/2018,124
12/19/2017,124
12/19/2016,112
12/19/2015,111
12/19/2014,85
12/19/2013,101
12/19/2012,120
12/19/2011,101
12/19/2010,121
12/18/2021,112
12/18/2020,110
12/18/2019,108
12/18/2018,108
12/18/2017,119
12/18/2016,106
12/18/2015,100
12/18/2014,111
12/18/2013,99
12/18/2012,118
12/18/2011,106
12/18/2010,97
12/17/2021,96
12/17/2020,111
12/17/2019,115
12/17/2018,101
12/17/2017,99
12/17/2016,99
12/17/2015,113
12/17/2014,114
12/17/2013,100
12/17/2012,103
12/17/2011,112
12/17/2010,105
12/16/2021,102
12/16/2020,98
12/16/2019,121
12/16/2018,112
12/16/2017,120
12/16/2016,102
12/16/2015,107
12/16/2014,111
12/16/2013,99
12/16/2012,118
12/16/2011,92
12/16/2010,105
12/15/2021,98
12/15/2020,95
12/15/2019,105
12/15/2018,109
12/15/2017,101
12/15/2016,108
12/15/2015,130
12/15/2014,117
12/15/2013,106
12/15/2012,106
12/15/2011,93
12/15/2010,101
12/14/2021,98
12/14/2020,114
12/14/2019,107
12/14/2018,104
12/14/2017,104
12/14/2016,114
12/14/2015,108
12/14/2014,113
12/14/2013,113
12/14/2012,106
12/14/2011,105
12/14/2010,107
12/13/2021,98
12/13/2020,119
12/13/2019,86
12/13/2018,105
12/13/2017,97
12/13/2016,99
12/13/2015,110
12/13/2014,109
12/13/2013,101
12/13/2012,110
12/13/2011,127
12/13/2010,116
12/12/2021,113
12/12/2020,128
12/12/2019,94
12/12/2018,90
12/12/2017,104
12/12/2016,106
12/12/2015,126
12/12/2014,102
12/12/2013,119
12/12/2012,114
12/12/2011,122
12/12/2010,103
12/11/2021,116
12/11/2020,114
12/11/2019,110
12/11/2018,136
12/11/2017,111
12/11/2016,109
12/11/2015,114
12/11/2014,113
12/11/2013,102
12/11/2012,123
12/11/2011,118
12/11/2010,99
12/10/2021,109
12/10/2020,108
12/10/2019,98
12/10/2018,128
12/10/2017,95
12/10/2016,119
12/10/2015,109
12/10/2014,108
12/10/2013,112
12/10/2012,122
12/10/2011,103
12/10/2010,100
12/1/2021,98
12/1/2020,101
12/1/2019,105
12/1/2018,108
12/1/2017,115
12/1/2016,110
12/1/2015,126
12/1/2014,130
12/1/2013,83
12/1/2012,92
12/1/2011,124
12/1/2010,116
11/9/2021,109
11/9/2020,96
11/9/2019,104
11/9/2018,81
11/9/2017,102
11/9/2016,106
11/9/2015,103
11/9/2014,107
11/9/2013,107
11/9/2012,105
11/9/2011,114
11/9/2010,117
11/8/2021,97
11/8/2020,108
11/8/2019,86
11/8/2018,126
11/8/2017,119
11/8/2016,125
11/8/2015,98
11/8/2014,114
11/8/2013,116
11/8/2012,111
11/8/2011,91
11/8/2010,115
11/7/2021,105
11/7/2020,105
11/7/2019,114
11/7/2018,119
11/7/2017,100
11/7/2016,100
11/7/2015,113
11/7/2014,125
11/7/2013,118
11/7/2012,107
11/7/2011,89
11/7/2010,100
11/6/2021,106
11/6/2020,101
11/6/2019,90
11/6/2018,117
11/6/2017,124
11/6/2016,90
11/6/2015,117
11/6/2014,112
11/6/2013,113
11/6/2012,106
11/6/2011,96
11/6/2010,119
11/5/2021,114
11/5/2020,117
11/5/2019,117
11/5/2018,122
11/5/2017,107
11/5/2016,100
11/5/2015,108
11/5/2014,107
11/5/2013,117
11/5/2012,95
11/5/2011,102
11/5/2010,106
11/4/2021,107
11/4/2020,105
11/4/2019,104
11/4/2018,129
11/4/2017,109
11/4/2016,109
11/4/2015,124
11/4/2014,95
11/4/2013,119
11/4/2012,102
11/4/2011,95
11/4/2010,113
11/30/2021,94
11/30/2020,97
11/30/2019,108
11/30/2018,105
11/30/2017,110
11/30/2016,103
11/30/2015,101
11/30/2014,123
11/30/2013,101
11/30/2012,104
11/30/2011,114
11/30/2010,107
11/3/2021,128
11/3/2020,111
11/3/2019,123
11/3/2018,109
11/3/2017,130
11/3/2016,98
11/3/2015,106
11/3/2014,101
11/3/2013,92
11/3/2012,116
11/3/2011,98
11/3/2010,115
11/29/2021,107
11/29/2020,108
11/29/2019,109
11/29/2018,120
11/29/2017,102
11/29/2016,112
11/29/2015,138
11/29/2014,118
11/29/2013,106
11/29/2012,116
11/29/2011,91
11/29/2010,116
11/28/2021,92
11/28/2020,85
11/28/2019,107
11/28/2018,120
11/28/2017,155
11/28/2016,115
11/28/2015,119
11/28/2014,106
11/28/2013,120
11/28/2012,116
11/28/2011,94
11/28/2010,112
11/27/2021,93
11/27/2020,104
11/27/2019,106
11/27/2018,101
11/27/2017,111
11/27/2016,129
11/27/2015,124
11/27/2014,109
11/27/2013,115
11/27/2012,105
11/27/2011,97
11/27/2010,99
11/26/2021,108
11/26/2020,112
11/26/2019,102
11/26/2018,104
11/26/2017,103
11/26/2016,95
11/26/2015,96
11/26/2014,111
11/26/2013,101
11/26/2012,129
11/26/2011,94
11/26/2010,107
11/25/2021,115
11/25/2020,119
11/25/2019,104
11/25/2018,96
11/25/2017,114
11/25/2016,91
11/25/2015,93
11/25/2014,101
11/25/2013,103
11/25/2012,117
11/25/2011,98
11/25/2010,102
11/24/2021,105
11/24/2020,105
11/24/2019,105
11/24/2018,106
11/24/2017,107
11/24/2016,101
11/24/2015,100
11/24/2014,104
11/24/2013,121
11/24/2012,121
11/24/2011,121
11/24/2010,127
11/23/2021,124
11/23/2020,98
11/23/2019,90
11/23/2018,92
11/23/2017,108
11/23/2016,112
11/23/2015,93
11/23/2014,118
11/23/2013,113
11/23/2012,114
11/23/2011,114
11/23/2010,125
11/22/2021,112
11/22/2020,106
11/22/2019,105
11/22/2018,96
11/22/2017,125
11/22/2016,114
11/22/2015,118
11/22/2014,110
11/22/2013,120
11/22/2012,101
11/22/2011,110
11/22/2010,85
11/21/2021,106
11/21/2020,109
11/21/2019,112
11/21/2018,120
11/21/2017,105
11/21/2016,100
11/21/2015,85
11/21/2014,106
11/21/2013,123
11/21/2012,124
11/21/2011,97
11/21/2010,112
11/20/2021,109
11/20/2020,108
11/20/2019,92
11/20/2018,111
11/20/2017,103
11/20/2016,109
11/20/2015,111
11/20/2014,107
11/20/2013,109
11/20/2012,115
11/20/2011,111
11/20/2010,115
11/2/2021,99
11/2/2020,114
11/2/2019,110
11/2/2018,98
11/2/2017,109
11/2/2016,95
11/2/2015,116
11/2/2014,94
11/2/2013,108
11/2/2012,101
11/2/2011,116
11/2/2010,97
11/19/2021,102
11/19/2020,103
11/19/2019,78
11/19/2018,113
11/19/2017,103
11/19/2016,113
11/19/2015,105
11/19/2014,108
11/19/2013,107
11/19/2012,132
11/19/2011,120
11/19/2010,112
11/18/2021,106
11/18/2020,104
11/18/2019,109
11/18/2018,101
11/18/2017,113
11/18/2016,98
11/18/2015,116
11/18/2014,115
11/18/2013,105
11/18/2012,118
11/18/2011,115
11/18/2010,113
11/17/2021,107
11/17/2020,108
11/17/2019,127
11/17/2018,98
11/17/2017,110
11/17/2016,104
11/17/2015,101
11/17/2014,113
11/17/2013,102
11/17/2012,96
11/17/2011,103
11/17/2010,122
11/16/2021,94
11/16/2020,109
11/16/2019,99
11/16/2018,116
11/16/2017,105
11/16/2016,113
11/16/2015,113
11/16/2014,113
11/16/2013,118
11/16/2012,104
11/16/2011,103
11/16/2010,97
11/15/2021,101
11/15/2020,113
11/15/2019,107
11/15/2018,100
11/15/2017,117
11/15/2016,105
11/15/2015,97
11/15/2014,118
11/15/2013,123
11/15/2012,115
11/15/2011,108
11/15/2010,121
11/14/2021,110
11/14/2020,113
11/14/2019,122
11/14/2018,122
11/14/2017,97
11/14/2016,89
11/14/2015,111
11/14/2014,110
11/14/2013,116
11/14/2012,99
11/14/2011,117
11/14/2010,91
11/13/2021,117
11/13/2020,95
11/13/2019,125
11/13/2018,120
11/13/2017,118
11/13/2016,109
11/13/2015,94
11/13/2014,102
11/13/2013,118
11/13/2012,95
11/13/2011,90
11/13/2010,115
11/12/2021,105
11/12/2020,106
11/12/2019,111
11/12/2018,117
11/12/2017,96
11/12/2016,120
11/12/2015,109
11/12/2014,106
11/12/2013,103
11/12/2012,120
11/12/2011,96
11/12/2010,99
11/11/2021,85
11/11/2020,108
11/11/2019,109
11/11/2018,114
11/11/2017,98
11/11/2016,111
11/11/2015,116
11/11/2014,103
11/11/2013,107
11/11/2012,127
11/11/2011,107
11/11/2010,88
11/10/2021,105
11/10/2020,79
11/10/2019,105
11/10/2018,108
11/10/2017,92
11/10/2016,121
11/10/2015,115
11/10/2014,97
11/10/2013,109
11/10/2012,104
11/10/2011,116
11/10/2010,110
11/1/2021,105
11/1/2020,103
11/1/2019,107
11/1/2018,119
11/1/2017,97
11/1/2016,115
11/1/2015,112
11/1/2014,117
11/1/2013,89
11/1/2012,113
11/1/2011,109
11/1/2010,110
10/9/2021,118
10/9/2020,112
10/9/2019,98
10/9/2018,102
10/9/2017,96
10/9/2016,99
10/9/2015,103
10/9/2014,97
10/9/2013,121
10/9/2012,101
10/9/2011,108
10/9/2010,110
10/8/2021,105
10/8/2020,108
10/8/2019,114
10/8/2018,107
10/8/2017,112
10/8/2016,112
10/8/2015,115
10/8/2014,97
10/8/2013,108
10/8/2012,100
10/8/2011,106
10/8/2010,129
10/7/2021,113
10/7/2020,118
10/7/2019,111
10/7/2018,115
10/7/2017,83
10/7/2016,100
10/7/2015,116
10/7/2014,105
10/7/2013,118
10/7/2012,113
10/7/2011,138
10/7/2010,95
10/6/2021,124
10/6/2020,108
10/6/2019,107
10/6/2018,121
10/6/2017,113
10/6/2016,89
10/6/2015,108
10/6/2014,121
10/6/2013,86
10/6/2012,105
10/6/2011,88
10/6/2010,121
10/5/2021,103
10/5/2020,115
10/5/2019,97
10/5/2018,96
10/5/2017,116
10/5/2016,117
10/5/2015,118
10/5/2014,121
10/5/2013,108
10/5/2012,110
10/5/2011,101
10/5/2010,104
10/4/2021,115
10/4/2020,112
10/4/2019,96
10/4/2018,99
10/4/2017,108
10/4/2016,105
10/4/2015,95
10/4/2014,122
10/4/2013,102
10/4/2012,89
10/4/2011,127
10/4/2010,110
10/31/2021,115
10/31/2020,119
10/31/2019,112
10/31/2018,102
10/31/2017,106
10/31/2016,86
10/31/2015,111
10/31/2014,99
10/31/2013,92
10/31/2012,130
10/31/2011,111
10/31/2010,119
10/30/2021,107
10/30/2020,117
10/30/2019,121
10/30/2018,110
10/30/2017,98
10/30/2016,93
10/30/2015,112
10/30/2014,100
10/30/2013,116
10/30/2012,99
10/30/2011,83
10/30/2010,97
10/3/2021,120
10/3/2020,106
10/3/2019,108
10/3/2018,112
10/3/2017,97
10/3/2016,111
10/3/2015,97
10/3/2014,106
10/3/2013,101
10/3/2012,100
10/3/2011,100
10/3/2010,96
10/29/2021,118
10/29/2020,97
10/29/2019,92
10/29/2018,88
10/29/2017,121
10/29/2016,102
10/29/2015,99
10/29/2014,88
10/29/2013,102
10/29/2012,108
10/29/2011,117
10/29/2010,107
10/28/2021,103
10/28/2020,119
10/28/2019,102
10/28/2018,115
10/28/2017,125
10/28/2016,125
10/28/2015,114
10/28/2014,110
10/28/2013,97
10/28/2012,114
10/28/2011,126
10/28/2010,106
10/27/2021,109
10/27/2020,103
10/27/2019,112
10/27/2018,109
10/27/2017,95
10/27/2016,105
10/27/2015,99
10/27/2014,100
10/27/2013,104
10/27/2012,109
10/27/2011,134
10/27/2010,112
10/26/2021,104
10/26/2020,101
10/26/2019,99
10/26/2018,98
10/26/2017,110
10/26/2016,119
10/26/2015,98
10/26/2014,106
10/26/2013,109
10/26/2012,99
10/26/2011,95
10/26/2010,112
10/25/2021,107
10/25/2020,87
10/25/2019,90
10/25/2018,105
10/25/2017,121
10/25/2016,89
10/25/2015,143
10/25/2014,102
10/25/2013,113
10/25/2012,103
10/25/2011,101
10/25/2010,109
10/24/2021,120
10/24/2020,120
10/24/2019,106
10/24/2018,105
10/24/2017,94
10/24/2016,110
10/24/2015,105
10/24/2014,115
10/24/2013,121
10/24/2012,105
10/24/2011,94
10/24/2010,124
10/23/2021,88
10/23/2020,93
10/23/2019,108
10/23/2018,139
10/23/2017,110
10/23/2016,114
10/23/2015,125
10/23/2014,110
10/23/2013,107
10/23/2012,93
10/23/2011,112
10/23/2010,107
10/22/2021,115
10/22/2020,106
10/22/2019,107
10/22/2018,118
10/22/2017,104
10/22/2016,103
10/22/2015,134
10/22/2014,100
10/22/2013,104
10/22/2012,120
10/22/2011,100
10/22/2010,108
10/21/2021,107
10/21/2020,110
10/21/2019,94
10/21/2018,121
10/21/2017,103
10/21/2016,110
10/21/2015,107
10/21/2014,108
10/21/2013,92
10/21/2012,128
10/21/2011,107
10/21/2010,134
10/20/2021,116
10/20/2020,94
10/20/2019,100
10/20/2018,115
10/20/2017,106
10/20/2016,101
10/20/2015,106
10/20/2014,111
10/20/2013,109
10/20/2012,104
10/20/2011,123
10/20/2010,103
10/2/2021,109
10/2/2020,107
10/2/2019,108
10/2/2018,118
10/2/2017,112
10/2/2016,113
10/2/2015,107
10/2/2014,118
10/2/2013,109
10/2/2012,124
10/2/2011,94
10/2/2010,122
10/19/2021,104
10/19/2020,110
10/19/2019,129
10/19/2018,93
10/19/2017,104
10/19/2016,124
10/19/2015,99
10/19/2014,103
10/19/2013,101
10/19/2012,114
10/19/2011,102
10/19/2010,89
10/18/2021,109
10/18/2020,98
10/18/2019,97
10/18/2018,119
10/18/2017,113
10/18/2016,107
10/18/2015,103
10/18/2014,99
10/18/2013,102
10/18/2012,123
10/18/2011,106
10/18/2010,91
10/17/2021,108
10/17/2020,105
10/17/2019,125
10/17/2018,125
10/17/2017,115
10/17/2016,93
10/17/2015,119
10/17/2014,111
10/17/2013,104
10/17/2012,91
10/17/2011,96
10/17/2010,111
10/16/2021,121
10/16/2020,103
10/16/2019,112
10/16/2018,96
10/16/2017,105
10/16/2016,107
10/16/2015,98
10/16/2014,109
10/16/2013,91
10/16/2012,94
10/16/2011,98
10/16/2010,107
10/15/2021,131
10/15/2020,100
10/15/2019,114
10/15/2018,107
10/15/2017,101
10/15/2016,91
10/15/2015,91
10/15/2014,114
10/15/2013,104
10/15/2012,112
10/15/2011,117
10/15/2010,87
10/14/2021,123
10/14/2020,107
10/14/2019,91
10/14/2018,106
10/14/2017,104
10/14/2016,105
10/14/2015,117
10/14/2014,113
10/14/2013,105
10/14/2012,106
10/14/2011,102
10/14/2010,117
10/13/2021,105
10/13/2020,95
10/13/2019,101
10/13/2018,118
10/13/2017,105
10/13/2016,117
10/13/2015,118
10/13/2014,103
10/13/2013,123
10/13/2012,110
10/13/2011,113
10/13/2010,105
10/12/2021,101
10/12/2020,91
10/12/2019,114
10/12/2018,124
10/12/2017,113
10/12/2016,121
10/12/2015,96
10/12/2014,103
10/12/2013,118
10/12/2012,101
10/12/2011,113
10/12/2010,110
10/11/2021,127
10/11/2020,100
10/11/2019,99
10/11/2018,128
10/11/2017,107
10/11/2016,111
10/11/2015,95
10/11/2014,114
10/11/2013,111
10/11/2012,120
10/11/2011,104
10/11/2010,118
10/10/2021,92
10/10/2020,123
10/10/2019,97
10/10/2018,93
10/10/2017,118
10/10/2016,119
10/10/2015,107
10/10/2014,102
10/10/2013,96
10/10/2012,112
10/10/2011,121
10/10/2010,101
10/1/2021,108
10/1/2020,131
10/1/2019,96
10/1/2018,103
10/1/2017,84
10/1/2016,95
10/1/2015,102
10/1/2014,118
10/1/2013,96
10/1/2012,94
10/1/2011,116
10/1/2010,98
1/9/2021,110
1/9/2020,117
1/9/2019,107
1/9/2018,109
1/9/2017,99
1/9/2016,120
1/9/2015,98
1/9/2014,98
1/9/2013,100
1/9/2012,129
1/9/2011,100
1/9/2010,96
1/8/2021,101
1/8/2020,114
1/8/2019,110
1/8/2018,96
1/8/2017,90
1/8/2016,132
1/8/2015,99
1/8/2014,117
1/8/2013,107
1/8/2012,111
1/8/2011,100
1/8/2010,101
1/7/2021,120
1/7/2020,115
1/7/2019,103
1/7/2018,101
1/7/2017,109
1/7/2016,83
1/7/2015,97
1/7/2014,102
1/7/2013,103
1/7/2012,102
1/7/2011,111
1/7/2010,106
1/6/2021,102
1/6/2020,99
1/6/2019,110
1/6/2018,97
1/6/2017,99
1/6/2016,109
1/6/2015,126
1/6/2014,103
1/6/2013,112
1/6/2012,138
1/6/2011,122
1/6/2010,111
1/5/2021,121
1/5/2020,115
1/5/2019,88
1/5/2018,96
1/5/2017,83
1/5/2016,112
1/5/2015,124
1/5/2014,98
1/5/2013,114
1/5/2012,94
1/5/2011,103
1/5/2010,140
1/4/2021,119
1/4/2020,117
1/4/2019,101
1/4/2018,112
1/4/2017,106
1/4/2016,109
1/4/2015,115
1/4/2014,123
1/4/2013,138
1/4/2012,96
1/4/2011,100
1/4/2010,91
1/31/2021,104
1/31/2020,105
1/31/2019,110
1/31/2018,101
1/31/2017,130
1/31/2016,105
1/31/2015,95
1/31/2014,101
1/31/2013,94
1/31/2012,113
1/31/2011,97
1/31/2010,110
1/30/2021,114
1/30/2020,108
1/30/2019,106
1/30/2018,115
1/30/2017,119
1/30/2016,116
1/30/2015,114
1/30/2014,107
1/30/2013,115
1/30/2012,110
1/30/2011,98
1/30/2010,109
1/3/2021,111
1/3/2020,112
1/3/2019,113
1/3/2018,109
1/3/2017,104
1/3/2016,114
1/3/2015,120
1/3/2014,87
1/3/2013,117
1/3/2012,128
1/3/2011,108
1/3/2010,92
1/29/2021,107
1/29/2020,123
1/29/2019,108
1/29/2018,109
1/29/2017,120
1/29/2016,106
1/29/2015,118
1/29/2014,111
1/29/2013,125
1/29/2012,107
1/29/2011,97
1/29/2010,97
1/28/2021,102
1/28/2020,117
1/28/2019,113
1/28/2018,97
1/28/2017,91
1/28/2016,129
1/28/2015,109
1/28/2014,112
1/28/2013,111
1/28/2012,98
1/28/2011,96
1/28/2010,98
1/27/2021,111
1/27/2020,107
1/27/2019,117
1/27/2018,111
1/27/2017,115
1/27/2016,118
1/27/2015,106
1/27/2014,94
1/27/2013,118
1/27/2012,110
1/27/2011,113
1/27/2010,94
1/26/2021,98
1/26/2020,115
1/26/2019,113
1/26/2018,114
1/26/2017,101
1/26/2016,92
1/26/2015,98
1/26/2014,98
1/26/2013,103
1/26/2012,121
1/26/2011,91
1/26/2010,111
1/25/2021,99
1/25/2020,102
1/25/2019,114
1/25/2018,105
1/25/2017,108
1/25/2016,112
1/25/2015,97
1/25/2014,111
1/25/2013,109
1/25/2012,117
1/25/2011,98
1/25/2010,112
1/24/2021,107
1/24/2020,116
1/24/2019,109
1/24/2018,105
1/24/2017,114
1/24/2016,116
1/24/2015,124
1/24/2014,99
1/24/2013,99
1/24/2012,112
1/24/2011,98
1/24/2010,114
1/23/2021,95
1/23/2020,109
1/23/2019,112
1/23/2018,120
1/23/2017,108
1/23/2016,101
1/23/2015,112
1/23/2014,104
1/23/2013,123
1/23/2012,126
1/23/2011,107
1/23/2010,122
1/22/2021,102
1/22/2020,92
1/22/2019,116
1/22/2018,116
1/22/2017,104
1/22/2016,104
1/22/2015,87
1/22/2014,118
1/22/2013,113
1/22/2012,99
1/22/2011,118
1/22/2010,126
1/21/2021,118
1/21/2020,111
1/21/2019,92
1/21/2018,121
1/21/2017,92
1/21/2016,98
1/21/2015,100
1/21/2014,88
1/21/2013,110
1/21/2012,119
1/21/2011,125
1/21/2010,95
1/20/2021,116
1/20/2020,121
1/20/2019,111
1/20/2018,116
1/20/2017,93
1/20/2016,116
1/20/2015,127
1/20/2014,113
1/20/2013,110
1/20/2012,111
1/20/2011,111
1/20/2010,93
1/2/2021,107
1/2/2020,91
1/2/2019,101
1/2/2018,108
1/2/2017,116
1/2/2016,111
1/2/2015,115
1/2/2014,131
1/2/2013,110
1/2/2012,121
1/2/2011,89
1/2/2010,101
1/19/2021,98
1/19/2020,95
1/19/2019,118
1/19/2018,129
1/19/2017,100
1/19/2016,116
1/19/2015,91
1/19/2014,106
1/19/2013,122
1/19/2012,94
1/19/2011,109
1/19/2010,115
1/18/2021,114
1/18/2020,104
1/18/2019,108
1/18/2018,90
1/18/2017,99
1/18/2016,97
1/18/2015,100
1/18/2014,113
1/18/2013,106
1/18/2012,106
1/18/2011,93
1/18/2010,107
1/17/2021,117
1/17/2020,123
1/17/2019,110
1/17/2018,102
1/17/2017,101
1/17/2016,112
1/17/2015,112
1/17/2014,95
1/17/2013,122
1/17/2012,110
1/17/2011,92
1/17/2010,100
1/16/2021,114
1/16/2020,124
1/16/2019,95
1/16/2018,102
1/16/2017,113
1/16/2016,111
1/16/2015,105
1/16/2014,126
1/16/2013,101
1/16/2012,120
1/16/2011,108
1/16/2010,116
1/15/2021,121
1/15/2020,108
1/15/2019,112
1/15/2018,111
1/15/2017,89
1/15/2016,132
1/15/2015,82
1/15/2014,119
1/15/2013,119
1/15/2012,120
1/15/2011,105
1/15/2010,114
1/14/2021,113
1/14/2020,116
1/14/2019,125
1/14/2018,104
1/14/2017,98
1/14/2016,105
1/14/2015,100
1/14/2014,89
1/14/2013,94
1/14/2012,102
1/14/2011,103
1/14/2010,90
1/13/2021,111
1/13/2020,101
1/13/2019,111
1/13/2018,97
1/13/2017,112
1/13/2016,107
1/13/2015,105
1/13/2014,104
1/13/2013,103
1/13/2012,111
1/13/2011,104
1/13/2010,103
1/12/2021,94
1/12/2020,108
1/12/2019,117
1/12/2018,97
1/12/2017,114
1/12/2016,100
1/12/2015,103
1/12/2014,102
1/12/2013,111
1/12/2012,101
1/12/2011,108
1/12/2010,102
1/11/2021,121
1/11/2020,95
1/11/2019,96
1/11/2018,108
1/11/2017,86
1/11/2016,90
1/11/2015,122
1/11/2014,113
1/11/2013,113
1/11/2012,109
1/11/2011,104
1/11/2010,103
1/10/2021,98
1/10/2020,106
1/10/2019,112
1/10/2018,112
1/10/2017,92
1/10/2016,99
1/10/2015,100
1/10/2014,109
1/10/2013,107
1/10/2012,109
1/10/2011,100
1/10/2010,96
1/1/2021,109
1/1/2020,114
1/1/2019,112
1/1/2018,113
1/1/2017,118
1/1/2016,112
1/1/2015,101
1/1/2014,111
1/1/2013,111
1/1/2012,113
1/1/2011,105
1/1/2010,97
